{"colors":{"0,0,0,0.16":{"color":{"mode":"RGB","value":{"r":0,"g":0,"b":0},"alpha":0.1607843137254902},"usedIn":["1d859002-4832-45de-95ef-1bc705ff50e0","318f065a-6d3a-4cb3-ab6d-a583e4afdf2c","1be2b0f5-6be5-4fb8-b623-82481021751e","a9b6ceeb-6486-41cc-862c-26a2c513cad4","8e561e7c-7e7f-423d-bcbb-7f28e0f179af","ae2bf967-7f9e-47c6-94f7-dda647a6457e","3b005314-2b7d-4e68-8870-e1176fb630f3"],"skip":false,"isFromAsset":false},"71,71,71,0.41":{"color":{"mode":"RGB","value":{"r":71,"g":71,"b":71},"alpha":0.4117647058823529},"usedIn":["1d859002-4832-45de-95ef-1bc705ff50e0"],"skip":false,"isFromAsset":false},"0,0,0,0.63":{"color":{"mode":"RGB","value":{"r":0,"g":0,"b":0},"alpha":0.6313725490196078},"usedIn":["1d859002-4832-45de-95ef-1bc705ff50e0"],"skip":false,"isFromAsset":false},"252,252,252,1.00":{"color":{"mode":"RGB","value":{"r":252,"g":252,"b":252}},"usedIn":["1d859002-4832-45de-95ef-1bc705ff50e0","318f065a-6d3a-4cb3-ab6d-a583e4afdf2c","1be2b0f5-6be5-4fb8-b623-82481021751e","a9b6ceeb-6486-41cc-862c-26a2c513cad4","8e561e7c-7e7f-423d-bcbb-7f28e0f179af","ae2bf967-7f9e-47c6-94f7-dda647a6457e","3b005314-2b7d-4e68-8870-e1176fb630f3"],"skip":false,"isFromAsset":false},"128,128,128,0.58":{"color":{"mode":"RGB","value":{"r":128,"g":128,"b":128},"alpha":0.5803921568627451},"usedIn":["1d859002-4832-45de-95ef-1bc705ff50e0"],"skip":false,"isFromAsset":false},"0,0,0,0.84":{"color":{"mode":"RGB","value":{"r":0,"g":0,"b":0},"alpha":0.8392156862745098},"usedIn":["1d859002-4832-45de-95ef-1bc705ff50e0"],"skip":false,"isFromAsset":false},"255,255,255,1.00":{"color":{"mode":"RGB","value":{"r":255,"g":255,"b":255}},"usedIn":["1d859002-4832-45de-95ef-1bc705ff50e0","318f065a-6d3a-4cb3-ab6d-a583e4afdf2c","1be2b0f5-6be5-4fb8-b623-82481021751e","a9b6ceeb-6486-41cc-862c-26a2c513cad4","8e561e7c-7e7f-423d-bcbb-7f28e0f179af","ae2bf967-7f9e-47c6-94f7-dda647a6457e","3b005314-2b7d-4e68-8870-e1176fb630f3","c99c0adf-ac4b-43d7-a50e-eda4734ff251","83336f57-b989-4fa4-8af6-9e4e8dd4215e","6a5ba437-ad87-4a05-b0d8-b5905c9e28c9","4f5c24e7-da50-4ca7-b96a-eaccd71434d3","104961be-2c20-4492-8855-080e431894ab"],"skip":false,"isFromAsset":false},"52,52,52,1.00":{"color":{"mode":"RGB","value":{"r":52,"g":52,"b":52}},"usedIn":["318f065a-6d3a-4cb3-ab6d-a583e4afdf2c","1be2b0f5-6be5-4fb8-b623-82481021751e","a9b6ceeb-6486-41cc-862c-26a2c513cad4","8e561e7c-7e7f-423d-bcbb-7f28e0f179af","ae2bf967-7f9e-47c6-94f7-dda647a6457e","3b005314-2b7d-4e68-8870-e1176fb630f3"],"skip":false,"isFromAsset":false},"68,68,68,1.00":{"color":{"mode":"RGB","value":{"r":68,"g":68,"b":68}},"usedIn":["318f065a-6d3a-4cb3-ab6d-a583e4afdf2c","1be2b0f5-6be5-4fb8-b623-82481021751e","a9b6ceeb-6486-41cc-862c-26a2c513cad4","8e561e7c-7e7f-423d-bcbb-7f28e0f179af","ae2bf967-7f9e-47c6-94f7-dda647a6457e","3b005314-2b7d-4e68-8870-e1176fb630f3"],"skip":false,"isFromAsset":false},"187,187,187,1.00":{"color":{"mode":"RGB","value":{"r":187,"g":187,"b":187}},"usedIn":["318f065a-6d3a-4cb3-ab6d-a583e4afdf2c","1be2b0f5-6be5-4fb8-b623-82481021751e","a9b6ceeb-6486-41cc-862c-26a2c513cad4","8e561e7c-7e7f-423d-bcbb-7f28e0f179af","ae2bf967-7f9e-47c6-94f7-dda647a6457e","3b005314-2b7d-4e68-8870-e1176fb630f3"],"skip":false,"isFromAsset":false},"255,198,123,1.00":{"color":{"mode":"RGB","value":{"r":255,"g":198,"b":123}},"usedIn":["318f065a-6d3a-4cb3-ab6d-a583e4afdf2c","1be2b0f5-6be5-4fb8-b623-82481021751e","a9b6ceeb-6486-41cc-862c-26a2c513cad4","8e561e7c-7e7f-423d-bcbb-7f28e0f179af","ae2bf967-7f9e-47c6-94f7-dda647a6457e","3b005314-2b7d-4e68-8870-e1176fb630f3","c99c0adf-ac4b-43d7-a50e-eda4734ff251","6a5ba437-ad87-4a05-b0d8-b5905c9e28c9","4f5c24e7-da50-4ca7-b96a-eaccd71434d3","104961be-2c20-4492-8855-080e431894ab"],"skip":false,"isFromAsset":false},"71,71,71,0.91":{"color":{"mode":"RGB","value":{"r":71,"g":71,"b":71},"alpha":0.9098039215686274},"usedIn":["c99c0adf-ac4b-43d7-a50e-eda4734ff251","6a5ba437-ad87-4a05-b0d8-b5905c9e28c9","4f5c24e7-da50-4ca7-b96a-eaccd71434d3","104961be-2c20-4492-8855-080e431894ab"],"skip":false,"isFromAsset":false},"83,83,83,0.86":{"color":{"mode":"RGB","value":{"r":83,"g":83,"b":83},"alpha":0.8588235294117647},"usedIn":["c99c0adf-ac4b-43d7-a50e-eda4734ff251"],"skip":false,"isFromAsset":false},"158,105,14,1.00":{"color":{"mode":"RGB","value":{"r":158,"g":105,"b":14}},"usedIn":["83336f57-b989-4fa4-8af6-9e4e8dd4215e","6a5ba437-ad87-4a05-b0d8-b5905c9e28c9","4f5c24e7-da50-4ca7-b96a-eaccd71434d3","104961be-2c20-4492-8855-080e431894ab"],"skip":false,"isFromAsset":false},"65,65,65,1.00":{"color":{"mode":"RGB","value":{"r":65,"g":65,"b":65}},"usedIn":["6a5ba437-ad87-4a05-b0d8-b5905c9e28c9","4f5c24e7-da50-4ca7-b96a-eaccd71434d3","104961be-2c20-4492-8855-080e431894ab"],"skip":false,"isFromAsset":false}},"fonts":{"Niconne":{"localizedFamilyName":"Niconne","Niconne-Regular,Regular":{"15":{"usedIn":["318f065a-6d3a-4cb3-ab6d-a583e4afdf2c","1be2b0f5-6be5-4fb8-b623-82481021751e","a9b6ceeb-6486-41cc-862c-26a2c513cad4","8e561e7c-7e7f-423d-bcbb-7f28e0f179af","ae2bf967-7f9e-47c6-94f7-dda647a6457e","3b005314-2b7d-4e68-8870-e1176fb630f3","c99c0adf-ac4b-43d7-a50e-eda4734ff251"],"skip":false},"20":{"usedIn":["318f065a-6d3a-4cb3-ab6d-a583e4afdf2c","1be2b0f5-6be5-4fb8-b623-82481021751e","a9b6ceeb-6486-41cc-862c-26a2c513cad4","8e561e7c-7e7f-423d-bcbb-7f28e0f179af","ae2bf967-7f9e-47c6-94f7-dda647a6457e","3b005314-2b7d-4e68-8870-e1176fb630f3","6a5ba437-ad87-4a05-b0d8-b5905c9e28c9","4f5c24e7-da50-4ca7-b96a-eaccd71434d3","104961be-2c20-4492-8855-080e431894ab"],"skip":false},"25":{"usedIn":["1d859002-4832-45de-95ef-1bc705ff50e0"],"skip":false},"30":{"usedIn":["1d859002-4832-45de-95ef-1bc705ff50e0","6a5ba437-ad87-4a05-b0d8-b5905c9e28c9","4f5c24e7-da50-4ca7-b96a-eaccd71434d3","104961be-2c20-4492-8855-080e431894ab"],"skip":false}}},"Times New Roman":{"localizedFamilyName":"Times New Roman","TimesNewRomanPSMT,Regular":{"20":{"usedIn":["6a5ba437-ad87-4a05-b0d8-b5905c9e28c9","4f5c24e7-da50-4ca7-b96a-eaccd71434d3","104961be-2c20-4492-8855-080e431894ab"],"skip":false}}}},"gradients":{},"exportedAssets":{},"characterStyles":{"propName":"charStyle","Niconne":{"localizedFamilyName":"Niconne","postscriptName":"Niconne-Regular","propName":"fontFamily","Regular":{"15":{"propName":"fontSize","252,252,252,1.00":{"0":{"20":{"propName":"lineSpacing","usedIn":["318f065a-6d3a-4cb3-ab6d-a583e4afdf2c","1be2b0f5-6be5-4fb8-b623-82481021751e","a9b6ceeb-6486-41cc-862c-26a2c513cad4","8e561e7c-7e7f-423d-bcbb-7f28e0f179af","ae2bf967-7f9e-47c6-94f7-dda647a6457e","3b005314-2b7d-4e68-8870-e1176fb630f3"],"isFromAsset":false,"skip":false},"propName":"charSpacing"},"mode":"RGB","value":{"r":252,"g":252,"b":252},"propName":"fontColor"},"255,198,123,1.00":{"0":{"20":{"propName":"lineSpacing","usedIn":["c99c0adf-ac4b-43d7-a50e-eda4734ff251"],"isFromAsset":false,"skip":false},"propName":"charSpacing"},"mode":"RGB","value":{"r":255,"g":198,"b":123},"propName":"fontColor"}},"20":{"propName":"fontSize","252,252,252,1.00":{"0":{"27":{"propName":"lineSpacing","usedIn":["318f065a-6d3a-4cb3-ab6d-a583e4afdf2c","1be2b0f5-6be5-4fb8-b623-82481021751e","a9b6ceeb-6486-41cc-862c-26a2c513cad4","8e561e7c-7e7f-423d-bcbb-7f28e0f179af","ae2bf967-7f9e-47c6-94f7-dda647a6457e","3b005314-2b7d-4e68-8870-e1176fb630f3"],"isFromAsset":false,"skip":false},"propName":"charSpacing"},"mode":"RGB","value":{"r":252,"g":252,"b":252},"propName":"fontColor"},"255,198,123,1.00":{"0":{"27":{"propName":"lineSpacing","usedIn":["318f065a-6d3a-4cb3-ab6d-a583e4afdf2c","1be2b0f5-6be5-4fb8-b623-82481021751e","a9b6ceeb-6486-41cc-862c-26a2c513cad4","8e561e7c-7e7f-423d-bcbb-7f28e0f179af","ae2bf967-7f9e-47c6-94f7-dda647a6457e","3b005314-2b7d-4e68-8870-e1176fb630f3","6a5ba437-ad87-4a05-b0d8-b5905c9e28c9","4f5c24e7-da50-4ca7-b96a-eaccd71434d3","104961be-2c20-4492-8855-080e431894ab"],"isFromAsset":false,"skip":false},"propName":"charSpacing"},"mode":"RGB","value":{"r":255,"g":198,"b":123},"propName":"fontColor"}},"25":{"propName":"fontSize","252,252,252,1.00":{"0":{"33":{"propName":"lineSpacing","usedIn":["1d859002-4832-45de-95ef-1bc705ff50e0"],